STIME;VM-HS-SQL;BASE_DRV_LV05;5500;0;1153
STIME;VM-HS-SQL;BASE_STIME;5500;12;3853
STIME;VM-HS-SQL;BASE_VM_13;5500;1;35984
STIME;VM-HS-SQL;BASE_VM_39;5500;0;3
STIME;VM-HS-SQL;BASE_VM_40;5500;0;358
STIME;VM-HS-SQL;BASE_VM_02;5501;0;99004
STIME;VM-HS-SQL;BASE_VM_34;5501;0;62371
STIME;VM-HS-SQL;BASE_VM_03;5502;0;96186
STIME;VM-HS-SQL;BASE_VM_35;5502;0;48626
STIME;VM-HS-SQL;BASE_VM_04;5503;0;101131
STIME;VM-HS-SQL;BASE_VM_05;5504;1;93763
STIME;VM-HS-SQL;BASE_VM_12;5504;0;42438
STIME;VM-HS-SQL;BASE_VM_06;5505;9;98380
STIME;VM-HS-SQL;BASE_VM_11;5505;0;27436
STIME;VM-HS-SQL;BASE_VM_07;5506;0;90633
STIME;VM-HS-SQL;BASE_VM_10;5506;0;31237
STIME;VM-HS-SQL;BASE_VM_08;5507;0;91335
STIME;VM-HS-SQL;BASE_VM_09;5507;6;81121
STIME;VM-HS-SQL2;BASE_VM_16;5500;0;4436
STIME;VM-HS-SQL2;BASE_VM_18;5500;25;17042
STIME;VM-HS-SQL2;BASE_VM_17;5501;12;9081
STIME;VM-HS-SQL2;BASE_VM_19;5501;48;16699
STIME;VM-HS-SQL2;BASE_VM_20;5502;14;14679
STIME;VM-HS-SQL2;BASE_VM_24;5502;33;1424
STIME;VM-HS-SQL2;BASE_VM_41;5502;0;1
STIME;VM-HS-SQL2;BASE_VM_21;5503;33;18379
STIME;VM-HS-SQL2;BASE_VM_27;5503;0;4086
STIME;VM-HS-SQL2;BASE_VM_22;5504;26;18439
STIME;VM-HS-SQL2;BASE_VM_25;5504;171;19343
STIME;VM-HS-SQL2;BASE_VM_23;5505;41;16293
STIME;VM-HS-SQL2;BASE_VM_26;5505;266;37938
STIME;VM-HS-SQL2;BASE_VM_28;5506;396;40651
STIME;VM-HS-SQL2;BASE_VM_30;5506;0;0
STIME;VM-HS-SQL2;BASE_VM_29;5507;88;12052
STIME;VM-HS-SQL2;BASE_VM_31;5507;353;38894
SHARED;VM-HS-SQL01;BASE_AUCHAN;5500;1;2417
SHARED;VM-HS-SQL01;BASE_CEDIF;5500;0;3006
SHARED;VM-HS-SQL01;BASE_DOVER;5500;130;550
SHARED;VM-HS-SQL01;BASE_GESTMAG;5500;23;2603
SHARED;VM-HS-SQL01;BASE_RCBT_MAN;5500;0;305
SHARED;VM-HS-SQL01;BASE_RCBT_SUC;5500;0;1485
SHARED;VM-HS-SQL01;BASE_SUPER;5500;0;118
SHARED;VM-HS-SQL01;BASE_ALX;5501;189;3830
SHARED;VM-HS-SQL01;BASE_AXIMUM;5501;19;691
SHARED;VM-HS-SQL01;BASE_HUMELAB;5501;0;47
SHARED;VM-HS-SQL01;BASE_OXTON_DIGITAL;5501;0;470
SHARED;VM-HS-SQL01;BASE_RMNGP;5501;0;4700
SHARED;VM-HS-SQL01;BASE_TECSANTE;5501;0;22
SHARED;VM-HS-SQL01;BASE_DINEO_QUICK;5502;0;8
SHARED;VM-HS-SQL01;BASE_LA_DAUPHINOISE;5502;0;4339
SHARED;VM-HS-SQL01;BASE_V_AEM_DIRECT;5502;287;93247
SHARED;VM-HS-SQL01;BASE_V_AEM_UTILE;5502;42;72789
SHARED;VM-HS-SQL01;BASE_DPAM;5503;0;1392
SHARED;VM-HS-SQL01;BASE_FOIRFOUILLE;5503;0;39568
SHARED;VM-HS-SQL01;BASE_TRIVEC;5503;0;141
SHARED;VM-HS-SQL01;BASE_MARIONNAUD;5504;0;6937
SHARED;VM-HS-SQL01;BASE_TIERS2;5504;108;15354
SHARED;VM-HS-SQL01;BASE_WINPHARMA;5504;6;20686
SHARED;VM-HS-SQL01;BASE_CHRONODRIVE;5505;1;12173
SHARED;VM-HS-SQL01;BASE_COOP;5505;0;25
SHARED;VM-HS-SQL01;BASE_GEDIMAT;5505;0;13
SHARED;VM-HS-SQL01;BASE_BRICO_DEPOT;5506;38;66088
SHARED;VM-HS-SQL01;BASE_CASTORAMA;5506;9;81391
SHARED;VM-HS-SQL01;BASE_NATURAPRO;5506;0;0
SHARED;VM-HS-SQL01;BASE_SEVENTECHNO;5506;14;531
SHARED;VM-HS-SQL01;BASE_THALES;5506;1235;51187
SHARED;VM-HS-SQL01;BASE_BEAUMANOIR;5507;0;64078
SHARED;VM-HS-SQL01;BASE_EMONETIQUE;5507;51;2894
SHARED;VM-HS-SQL02;BASE_AEM_DIRECT;5500;288;69502
SHARED;VM-HS-SQL02;BASE_BHS;5500;38;24335
SHARED;VM-HS-SQL02;BASE_EFFIA;5500;0;5
SHARED;VM-HS-SQL02;BASE_LAFON;5500;24;123
SHARED;VM-HS-SQL02;BASE_LAFON_IND;5500;998;21207
SHARED;VM-HS-SQL02;BASE_PRODELS;5500;5;4068
SHARED;VM-HS-SQL02;BASE_PROXIGITAL;5500;0;4
SHARED;VM-HS-SQL02;BASE_CGP;5501;1;17410
SHARED;VM-HS-SQL02;BASE_NATALYS;5501;0;46
SHARED;VM-HS-SQL02;BASE_TAM_AGENCE;5501;2;618
SHARED;VM-HS-SQL02;BASE_UGC;5501;0;9864
SHARED;VM-HS-SQL02;BASE_COMTESSE;5502;0;333
SHARED;VM-HS-SQL02;BASE_EUREA;5502;0;3095
SHARED;VM-HS-SQL02;BASE_PHOTOMATON;5502;103;20812
SHARED;VM-HS-SQL02;BASE_TOSHIBA;5502;0;1848
SHARED;VM-HS-SQL02;BASE_CRESCENDO;5503;8;6437
SHARED;VM-HS-SQL02;BASE_PI_ELEC;5503;110;2534
SHARED;VM-HS-SQL02;BASE_SERGENTMAJOR;5503;0;3335
SHARED;VM-HS-SQL02;BASE_TRUFFAUT;5503;0;6880
SHARED;VM-HS-SQL02;BASE_ARMANDT;5504;0;795
SHARED;VM-HS-SQL02;BASE_BABOU;5504;0;30368
SHARED;VM-HS-SQL02;BASE_MULTITOLL;5504;337;1016
SHARED;VM-HS-SQL02;BASE_AVIA_TD;5505;1741;54358
SHARED;VM-HS-SQL02;BASE_FUELPOS_DIVERS;5506;1930;41260
SHARED;VM-HS-SQL02;BASE_AEM_UTILE;5507;40;79496
SHARED;VM-HS-SQL03;BASE_ALINEA;5500;0;1431
SHARED;VM-HS-SQL03;BASE_DIVERS;5500;0;8
SHARED;VM-HS-SQL03;BASE_IKKS;5500;0;1247
SHARED;VM-HS-SQL03;BASE_IPM;5500;0;0
SHARED;VM-HS-SQL03;BASE_STRAN;5500;0;13
SHARED;VM-HS-SQL03;BASE_SU_39;5500;0;24
SHARED;VM-HS-SQL03;BASE_SU_52;5500;809;31994
SHARED;VM-HS-SQL03;BASE_Z;5500;0;32
SHARED;VM-HS-SQL03;BASE_APHP;5501;0;229
SHARED;VM-HS-SQL03;BASE_CEFFAGE;5501;0;718
SHARED;VM-HS-SQL03;BASE_CHOCOLAT;5501;0;0
SHARED;VM-HS-SQL03;BASE_LOUVRE;5501;0;450
SHARED;VM-HS-SQL03;BASE_MICROPOINTE;5501;0;264
SHARED;VM-HS-SQL03;BASE_POSALTO;5501;0;192
SHARED;VM-HS-SQL03;BASE_SU_53;5501;180;17952
SHARED;VM-HS-SQL03;BASE_SU_54;5501;638;36336
SHARED;VM-HS-SQL03;BASE_UBALDI;5501;0;6
SHARED;VM-HS-SQL03;BASE_ACANTHE;5502;0;595
SHARED;VM-HS-SQL03;BASE_ARIANE_IND;5502;54;1100
SHARED;VM-HS-SQL03;BASE_ARIANE_LH;5502;0;43
SHARED;VM-HS-SQL03;BASE_CRISALID;5502;0;540
SHARED;VM-HS-SQL03;BASE_SU_55;5502;589;17319
SHARED;VM-HS-SQL03;BASE_SU_56;5502;95;8364
SHARED;VM-HS-SQL03;BASE_TOKHEIM;5502;66;2719
SHARED;VM-HS-SQL03;BASE_DESIGNA;5503;77;2742
SHARED;VM-HS-SQL03;BASE_PARASHOP;5503;0;4
SHARED;VM-HS-SQL03;BASE_SU_57;5503;647;25347
SHARED;VM-HS-SQL03;BASE_SU_66;5503;57;9555
SHARED;VM-HS-SQL03;BASE_PICOTY;5504;839;21553
SHARED;VM-HS-SQL03;BASE_SU_58;5504;682;24506
SHARED;VM-HS-SQL03;BASE_SU_59;5504;696;26810
SHARED;VM-HS-SQL03;BASE_BESSON;5505;0;6797
SHARED;VM-HS-SQL03;BASE_SU_60;5505;609;26739
SHARED;VM-HS-SQL03;BASE_SU_61;5505;540;24683
SHARED;VM-HS-SQL03;BASE_FRANPRIX;5506;0;4464
SHARED;VM-HS-SQL03;BASE_SU_51;5506;257;18671
SHARED;VM-HS-SQL03;BASE_SU_62;5506;381;13896
SHARED;VM-HS-SQL03;BASE_SYSTEMU;5507;6063;203206
LIDL;VM-HS-SQL;BASE_VM_01;5500;0;24508
LIDL;VM-HS-SQL;BASE_VM_02;5501;0;26799
LIDL;VM-HS-SQL;BASE_VM_03;5502;0;20311
LIDL;VM-HS-SQL;BASE_VM_04;5503;0;16241
LIDL;VM-HS-SQL;BASE_VM_05;5504;0;24201
LIDL;VM-HS-SQL;BASE_VM_10;5504;0;28204
LIDL;VM-HS-SQL;BASE_VM_06;5505;0;15850
LIDL;VM-HS-SQL;BASE_VM_09;5505;0;25522
LIDL;VM-HS-SQL;BASE_LIDL;5506;0;374976
LIDL;VM-HS-SQL;BASE_VM_07;5507;0;22078
LIDL;VM-HS-SQL;BASE_VM_08;5507;0;29144
